{"cameraMode":{"drawMode":0,"name":"Shaded","section":"Shading Mode"},"sceneLighting":true,"audioPlay":false,"sceneViewState":{"m_AlwaysRefresh":false,"showFog":true,"showSkybox":true,"showFlares":true,"showImageEffects":true,"showParticleSystems":true,"showVisualEffectGraphs":true,"m_FxEnabled":true},"in2DMode":false,"pivot":{"x":-4.060258865356445,"y":-0.6232857704162598,"z":-1.1451599597930909},"rotation":{"x":0.41119882464408877,"y":0.21066395938396455,"z":-0.09827496856451035,"w":0.8814303278923035},"size":10.185369491577149,"orthographic":false}